Time (s), Ry (N),,,,,,,,n,Sampling Rate,mass (kg)
0,549.182830311418,,,,,,,,1528,2000,60.7558808804872
0.0005,548.387160072495
0.001,547.582698841471
0.0015,546.769642466069
0.002,545.948249363228
0.0025,545.11883352526
0.003,544.281756170484
0.0035,543.437416637212
0.004,542.586243099083
0.0045,541.728683613807
0.005,540.865197917504
0.0055,539.996250255788
0.006,539.122303413737
0.0065,538.243813982001
0.007,537.361228785739
0.0075,536.474982315111
0.008,535.585494936728
0.0085,534.693171638598
0.009,533.798401068319
0.00950000000000001,532.901554664148
0.01,532.002985746638
0.0105,531.103028526411
0.011,530.201997080194
0.0115,529.300184438555
0.012,528.397862000956
0.0125,527.495279534036
0.013,526.592666008605
0.0135,525.690231485861
0.014,524.78817017633
0.0145,523.886664674406
0.015,522.985891231062
0.0155,522.086025784812
0.016,521.187250345349
0.0165,520.289759233525
0.017,519.393764639917
0.0175,518.499500980678
0.018,517.607227605162
0.0185,516.717229538301
0.019,515.829816108503
0.0195,514.945317500118
0.02,514.064079457273
0.0205,513.186456532325
0.021,512.312804400264
0.0215,511.4434718383
0.022,510.578792992259
0.0225,509.719080519534
0.023,508.864620118528
0.0235,508.015666837267
0.024,507.172443411631
0.0245,506.335140729548
0.025,505.503920363969
0.0255,504.678918975317
0.026,503.860254262045
0.0265,503.048032041967
0.027,502.242353980902
0.0275,501.44332545014
0.028,500.651062990102
0.0285,499.865700882847
0.029,499.08739638876
0.0295,498.316333280171
0.03,497.552723403584
0.0305,496.796806117991
0.031,496.048845583469
0.0315,495.309126003932
0.032,494.577945051677
0.0325,493.855605809641
0.033,493.142407651773
0.0335,492.43863653591
0.034,491.744555203794
0.0345,491.060393768875
0.035,490.386341127412
0.0355,489.722537557434
0.036,489.069068780674
0.0365,488.425961662918
0.037,487.793181626957
0.0375,487.170631757557
0.038,486.558153496802
0.0385,485.955528765805
0.039,485.362483307837
0.0395,484.778691028037
0.04,484.203779102685
0.0405,483.637333640966
0.041,483.07890569753
0.0415,482.528017448841
0.042,481.984168356033
0.0425,481.446841140874
0.043,480.9155074019
0.0435,480.389632700144
0.044,479.868680955165
0.0445,479.352118018828
0.045,478.839414341004
0.0455,478.330046708699
0.046,477.823499124228
0.0465,477.3192629807
0.047,476.816836782431
0.0475,476.315725730776
0.048,475.815441539343
0.0485,475.315502846545
0.049,474.81543655225
0.0495,474.3147803188
0.05,473.813086350788
0.0505,473.309926414237
0.051,472.804897890192
0.0515,472.297630499177
0.052,471.787793200825
0.0525,471.275100685189
0.053,470.759318842173
0.0535,470.240268630715
0.054,469.7178278695
0.0545,469.191930627896
0.055,468.662564093805
0.0555,468.129763013176
0.056,467.593602009798
0.0565,467.054186280023
0.057,466.511641294653
0.0575,465.966102214845
0.058,465.417703733683
0.0585,464.866570991189
0.059,464.312812087153
0.0595,463.756512548554
0.06,463.197731915917
0.0605,462.636502417048
0.061,462.072829517179
0.0615,461.506693988747
0.062,460.938055043648
0.0625,460.366854021662
0.063,459.793018130582
0.0635,459.216463780769
0.064,458.63709913972
0.0645,458.054825639335
0.065,457.46953828801
0.0655,456.881124760827
0.066,456.289463355402
0.0665,455.694420001716
0.067,455.095844596846
0.0675,454.493566996455
0.068,453.887393031641
0.0685,453.277100930553
0.069,452.66243850835
0.0695,452.04312144704
0.07,451.418832920745
0.0705,450.789224735782
0.071,450.153920054174
0.0715000000000001,449.512517660511
0.0720000000000001,448.864597622769
0.0725000000000001,448.209728095654
0.0730000000000001,447.547472927435
0.0735000000000001,446.877399665303
0.0740000000000001,446.199087515689
0.0745000000000001,445.512134809477
0.0750000000000001,444.816165549865
0.0755000000000001,444.110834682847
0.0760000000000001,443.395831823218
0.0765000000000001,442.670883286152
0.0770000000000001,441.935752405598
0.0775000000000001,441.190238253843
0.0780000000000001,440.434172998152
0.0785000000000001,439.667418227836
0.0790000000000001,438.88986064792
0.0795000000000001,438.101407557504
0.0800000000000001,437.301982510128
0.0805000000000001,436.491521493628
0.0810000000000001,435.669969876117
0.0815000000000001,434.837280254677
0.0820000000000001,433.993411227741
0.0825000000000001,433.138327004913
0.0830000000000001,432.27199768151
0.0835000000000001,431.394399948406
0.0840000000000001,430.505517985698
0.0845000000000001,429.60534430101
0.0850000000000001,428.693880315115
0.0855000000000001,427.771136560511
0.0860000000000001,426.837132432192
0.0865000000000001,425.891895503568
0.0870000000000001,424.935460485554
0.0875000000000001,423.967867957191
0.0880000000000001,422.98916302889
0.0885000000000001,421.999394114213
0.0890000000000001,420.998611984256
0.0895000000000001,419.986869262219
0.0900000000000001,418.964220486523
0.0905000000000001,417.93072283097
0.0910000000000001,416.886437522394
0.0915000000000001,415.831431943571
0.0920000000000001,414.765782356512
0.0925000000000001,413.689577134352
0.0930000000000001,412.602920354356
0.0935000000000001,411.50593558459
0.0940000000000001,410.398769694488
0.0945000000000001,409.28159653424
0.0950000000000001,408.15462035583
0.0955000000000001,407.018078884186
0.0960000000000001,405.872245983612
0.0965000000000001,404.71743389674
0.0970000000000001,403.553995056604
0.0975000000000001,402.382323485944
0.0980000000000001,401.202855803007
0.0985000000000001,400.016071853876
0.0990000000000001,398.822494992476
0.0995000000000001,397.622692035432
0.1,396.417272932001
0.1005,395.206890208761
0.101,393.992238270592
0.1015,392.774052657119
0.102,391.553109360032
0.1025,390.330224295344
0.103,389.106252993014
0.1035,387.882090516262
0.104,386.658671561158
0.1045,385.436970624102
0.105,384.218002072944
0.1055,383.002819927891
0.106,381.792517158767
0.1065,380.588224337782
0.107,379.391107547847
0.1075,378.202365525954
0.108,377.023226105738
0.1085,375.854942098145
0.109,374.698786800837
0.1095,373.556049346254
0.11,372.428030081466
0.1105,371.316036122899
0.111,370.221377153694
0.1115,369.145361443284
0.112,368.089291981314
0.1125,367.054462544714
0.113,366.042153468145
0.1135,365.053626870869
0.114,364.090121109808
0.1145,363.152844276949
0.115,362.242966633877
0.1155,361.361611968722
0.116,360.50984796171
0.1165,359.688675744821
0.117,358.899018929783
0.1175,358.141712448999
0.118,357.417491600702
0.1185,356.726981709165
0.119,356.070688802464
0.1195,355.4489916751
0.12,354.862135643713
0.1205,354.310228225494
0.121,353.79323687636
0.1215,353.310988825987
0.122,352.863172947013
0.1225,352.449343503942
0.123,352.068925551457
0.1235,351.7212216987
0.124,351.405419930363
0.1245,351.120602178734
0.125,350.865753371223
0.1255,350.639770729712
0.126,350.441473162858
0.1265,350.269610660208
0.127,350.1228736577
0.1275,349.999902389455
0.128,349.89929626563
0.1285,349.819623318549
0.129,349.759429741505
0.1295,349.717249510898
0.13,349.691614039271
0.1305,349.681061760759
0.131,349.684147507696
0.1315,349.699451502206
0.132,349.725587762944
0.1325,349.76121171662
0.133,349.805026807669
0.1335,349.855789917432
0.134,349.912315436222
0.1345,349.973477876393
0.135,350.038212970041
0.1355,350.105517258124
0.136,350.17444624459
0.1365,350.244111254443
0.137,350.313675193273
0.1375,350.382347452251
0.138,350.44937823296
0.1385,350.514052578167
0.139,350.575684387923
0.1395,350.633610677678
0.14,350.687186300999
0.1405,350.735779319759
0.141,350.778767164725
0.1415,350.815533693559
0.142,350.845467222893
0.1425,350.86795958554
0.143,350.882406239789
0.1435,350.888207430974
0.144,350.884770372004
0.1445,350.871512367379
0.145,350.847864754732
0.1455,350.813277482991
0.146,350.767224092913
0.1465,350.709206821625
0.147,350.638761525359
0.1475,350.555462109511
0.148,350.458924175435
0.1485,350.348807638654
0.149,350.224818140057
0.1495,350.086707154309
0.15,349.93427079125
0.1505,349.76734737883
0.151,349.585814003292
0.1515,349.389582257263
0.152,349.178593504068
0.1525,348.952814002478
0.153,348.712230247385
0.1535,348.456844866779
0.154,348.186673373745
0.1545,347.901742005338
0.155,347.602086791125
0.1555,347.287753887621
0.156,346.958801097268
0.1565,346.61530037029
0.157,346.257340974629
0.1575,345.885032924235
0.158,345.498510190681
0.1585,345.097933197416
0.159,344.683490117652
0.1595,344.255396569101
0.16,343.813893419469
0.1605,343.359242577956
0.161,342.891720836366
0.1615,342.411612021242
0.162,341.919197905312
0.1625,341.41474848223
0.163,340.898512315315
0.1635,340.370707715273
0.164,339.831515477054
0.1645,339.281073812213
0.165,338.71947595837
0.1655,338.146770745792
0.166,337.562966172361
0.1665,336.968035804275
0.167,336.361927603429
0.1675,335.744574603636
0.168,335.115906732189
0.1685,334.475863010322
0.169,333.824403368277
0.1695,333.161519374085
0.17,332.487243290084
0.1705,331.80165502418
0.171,331.104886717949
0.1715,330.397124894828
0.172,329.678610263718
0.1725,328.949635423895
0.173,328.210540836959
0.1735,327.461709515195
0.174,326.703560921491
0.1745,325.936544584931
0.175,325.161133912234
0.1755,324.377820622939
0.176,323.587110161315
0.1765,322.789518345685
0.177,321.985569411556
0.1775,321.175795493995
0.178,320.360737483086
0.1785,319.540947080649
0.179,318.716989794594
0.1795,317.889448537333
0.18,317.058927454228
0.1805,316.226055602706
0.181,315.391490134679
0.1815,314.555918701849
0.182,313.720060898547
0.1825,312.884668668526
0.183,312.050525716924
0.1835,311.218446071963
0.184,310.389272020029
0.1845,309.56387168331
0.185,308.743136516503
0.1855,307.92797896889
0.186,307.119330495552
0.1865,306.318140015771
0.187,305.525372819188
0.1875,304.742009823355
0.188,303.969047001697
0.1885,303.207494738717
0.189,302.458376836963
0.1895,301.722728902117
0.19,301.001595869158
0.1905,300.296028500609
0.191,299.607078780585
0.1915,298.935794235352
0.192,298.283211320229
0.1925,297.650348110347
0.193,297.038196606863
0.1935,296.447715010807
0.194,295.879820318538
0.1945,295.335381555601
0.195,294.815213895245
0.1955,294.320073814502
0.196,293.850655338477
0.1965,293.407587327701
0.197,292.991431687787
0.1975,292.602682335407
0.198,292.24176474416
0.1985,291.90903591644
0.199,291.604784675228
0.1995,291.329232230873
0.2,291.082533038785
0.2005,290.864776011651
0.201,290.675986174684
0.2015,290.51612684966
0.202,290.385102423627
0.2025,290.282761706451
0.203,290.208901817227
0.2035,290.163272474113
0.204,290.145580507041
0.2045,290.155494378018
0.205,290.192648486174
0.2055,290.256647057035
0.206,290.347067465586
0.2065,290.463462913966
0.207,290.605364467031
0.2075,290.77228253094
0.208,290.963707929797
0.2085,291.179112784076
0.209,291.417951416317
0.2095,291.679661503007
0.21,291.963665658913
0.2105,292.269373586841
0.211,292.596184858883
0.2115,292.94349232181
0.212,293.310686046453
0.2125,293.697157674111
0.213,294.10230495748
0.2135,294.525536253387
0.214,294.966274703877
0.2145,295.423961844173
0.215,295.898060402854
0.2155,296.388056111002
0.216,296.893458409646
0.2165,297.413800031697
0.217,297.948635525748
0.2175,298.497538873095
0.218,299.060100414995
0.2185,299.635923346078
0.219,300.224620037646
0.2195,300.825808432244
0.22,301.439108703725
0.2205,302.06414031383
0.221,302.700519527055
0.2215,303.347857379963
0.222,304.005758046679
0.2225,304.673817504284
0.223,305.351622382857
0.2235,306.038748885487
0.224,306.734761682688
0.2245,307.439212720604
0.225,308.151639929352
0.2255,308.871565871052
0.226,309.598496419625
0.2265,310.331919608579
0.227,311.071304811245
0.2275,311.816102424867
0.228,312.565744213199
0.2285,313.31964442344
0.229,314.077201738126
0.2295,314.83780205929
0.23,315.600822060484
0.2305,316.365633390846
0.231,317.131607380355
0.2315,317.89812007932
0.232,318.664557466598
0.2325,319.430320675629
0.233,320.19483110887
0.2335,320.957535333081
0.234,321.717909664746
0.2345,322.475464363597
0.235,323.229747352147
0.2355,323.980347372462
0.236,324.726896482084
0.2365,325.469071783964
0.237,326.206596285045
0.2375,326.939238787977
0.238,327.66681274145
0.2385,328.38917400575
0.239,329.106217528429
0.2395,329.817872966387
0.24,330.524099331346
0.2405,331.224878772289
0.241,331.920209639453
0.2415,332.610098999764
0.242,333.294554794658
0.2425,333.97357785015
0.243,334.647153967932
0.2435,335.315246346254
0.244,335.977788599837
0.2445,336.63467866653
0.245,337.285773900579
0.2455,337.930887652743
0.246,338.569787620566
0.2465,339.202196213337
0.247,339.827793113175
0.2475,340.446220126445
0.248,341.057088311637
0.2485,341.659987246912
0.249,342.254496171226
0.2495,342.840196607169
0.25,343.416685961941
0.2505,343.983591515348
0.251,344.540584148777
0.2515,345.087391153022
0.252,345.62380747828
0.2525,346.149704856267
0.253,346.665038327963
0.2535,347.169849844328
0.254,347.664268762378
0.2545,348.148509225135
0.255,348.622864580667
0.2555,349.087699152272
0.256,349.543437809131
0.2565,349.990553895729
0.257,350.429556151731
0.2575,350.860975286715
0.258,351.28535086374
0.2585,351.70321909315
0.259,352.115102047866
0.2595,352.521498691647
0.26,352.922877973135
0.2605,353.319674093062
0.261,353.712283912076
0.2615,354.101066342941
0.262,354.486343471912
0.2625,354.868403084765
0.263,355.247502235149
0.2635,355.623871485217
0.264,355.99771946712
0.2645,356.369237453722
0.265,356.738603681512
0.2655,357.105987232089
0.266,357.471551344774
0.2665,357.835456096695
0.267,358.197860443791
0.2675,358.558923663377
0.268,358.918806273925
0.2685,359.277670529603
0.269,359.635680595667
0.2695,359.993002506826
0.27,360.349803995937
0.2705,360.706254257049
0.271,361.062523678252
0.2715,361.41878354982
0.272,361.77520572615
0.2725,362.131962200434
0.273,362.489224542697
0.2735,362.84716315705
0.274,363.205946332962
0.2745,363.565739095687
0.275,363.926701897838
0.2755,364.288989231038
0.276,364.652748266445
0.2765,365.018117649524
0.277,365.385226573221
0.2775,365.75419423343
0.278,366.125129732778
0.2785,366.498132448385
0.279,366.873292823384
0.2795,367.250693489376
0.28,367.630410586226
0.2805,368.012515123999
0.281,368.397074233797
0.2815,368.784152180325
0.282,369.173811055542
0.2825,369.566111131992
0.283,369.96111091616
0.2835,370.358866995513
0.284,370.759433808219
0.2845,371.162863476014
0.285,371.569205826779
0.2855,371.978508697602
0.286,372.390818558925
0.2865,372.806181445667
0.287,373.224644132695
0.2875,373.646255458987
0.288,374.071067693796
0.2885,374.499137851769
0.289,374.930528900456
0.2895,375.3653108566
0.29,375.803561827414
0.2905,376.245369107564
0.291,376.690830479679
0.2915,377.140055875873
0.292,377.593169533713
0.2925,378.050312721819
0.293,378.511647023147
0.2935,378.977358058594
0.294,379.447659424419
0.2945,379.922796520004
0.295,380.403049872648
0.2955,380.888737534928
0.296,381.380216144321
0.2965,381.877880294991
0.297,382.382159973047
0.2975,382.893515939701
0.298,383.412433099033
0.2985,383.939412044604
0.299,384.474959128301
0.2995,385.019575523448
0.3,385.573745852345
0.3005,386.137927008748
0.301,386.712537823563
0.3015,387.29795019519
0.302,387.894482234995
0.3025,388.502393866396
0.303,389.121885168853
0.3035,389.753097583944
0.304,390.396117910853
0.3045,391.050984826264
0.305,391.717697484156
0.3055,392.39622560027
0.306,393.086520319433
0.3065,393.788525114187
0.307,394.502185978371
0.3075,395.227460261158
0.308,395.964323629746
0.3085,396.71277483929
0.309,397.47283820728
0.3095,398.244563913156
0.31,399.028026448355
0.3105,399.823321705373
0.311,400.630563300356
0.3115,401.44987876273
0.312,402.281406196302
0.3125,403.125291925567
0.313,403.981689501563
0.3135,404.850760270834
0.314,405.732675528195
0.3145,406.62762009812
0.315,407.53579703755
0.3155,408.457433037895
0.316,409.392784034272
0.3165,410.342140508923
0.317,411.305832000971
0.3175,412.284230399815
0.318,413.277751694099
0.3185,414.286855960454
0.319,415.312045493792
0.3195,416.353861093482
0.32,417.412876619611
0.3205,418.48969201676
0.321,419.58492506845
0.3215,420.69920219482
0.322,421.833148641384
0.3225,422.987378429282
0.323,424.162484447538
0.3235,425.359029064095
0.324,426.577535612356
0.3245,427.818481071245
0.325,429.082290198149
0.3255,430.369331296297
0.326,431.679913705037
0.3265,433.014286999295
0.327,434.372641781789
0.3275,435.755111857465
0.328,437.161777502815
0.3285,438.592669490051
0.329,440.047773501394
0.3295,441.527034572958
0.33,443.030361238493
0.3305,444.557629096255
0.331,446.108683591391
0.3315,447.683341885169
0.332,449.281393764905
0.3325,450.902601629231
0.333,452.546699657893
0.3335,454.213392339861
0.334,455.902352584882
0.3345,457.613219678651
0.335,459.345597357607
0.3355,461.099052273703
0.336,462.873113091099
0.3365,464.667270406618
0.337,466.480977617312
0.3375,468.313652777981
0.338,470.164681407118
0.3385,472.03342012094
0.339,473.91920091022
0.3395,475.821335829937
0.34,477.73912185027
0.3405,479.671845618578
0.341,481.61878790231
0.3415,483.579227516818
0.342,485.552444584042
0.3425,487.537723012881
0.343,489.534352136177
0.3435,491.5416274809
0.344,493.558850686885
0.3445,495.585328626106
0.345,497.62037180979
0.3455,499.663292205417
0.346,501.713400619702
0.3465,503.770003836202
0.347,505.832401725286
0.3475,507.899884567255
0.348,509.971730843004
0.3485,512.047205747131
0.349,514.12556066226
0.3495,516.20603379798
0.35,518.287852142081
0.3505,520.370234797313
0.351,522.452397688162
0.3515,524.53355952675
0.352,526.61294883462
0.3525,528.689811738604
0.353,530.763420203363
0.3535,532.83308033723
0.354,534.898140413421
0.3545,536.957998282962
0.355,539.012107911791
0.3555,541.059984842794
0.356,543.101210453909
0.3565,545.135434946791
0.357,547.162379050975
0.3575,549.181834463353
0.358,551.193663063258
0.3585,553.197794953265
0.359,555.194225380306
0.3595,557.183010596721
0.36,559.164262731156
0.3605,561.138143758157
0.361,563.10485868389
0.3615,565.064648102309
0.362,567.017780317731
0.3625,568.964543270802
0.363,570.905236539002
0.3635,572.84016370395
0.364,574.769625380782
0.3645,576.693913187061
0.365,578.613304889737
0.3655,580.528060911413
0.366,582.438422306669
0.3665,584.344610242192
0.367,586.246826938334
0.3675,588.145257961302
0.368,590.040075700047
0.3685,591.931443823647
0.369,593.819522495106
0.3695,595.704474115682
0.37,597.586469387955
0.3705,599.465693512696
0.371,601.342352369899
0.3715,603.216678573392
0.372,605.088937326165
0.3725,606.95943203509
0.373,608.828509664788
0.3735,610.696565818043
0.374,612.564049522818
0.3745,614.431467684178
0.375,616.299389125447
0.3755,618.168448100817
0.376,620.039347116484
0.3765,621.912858855328
0.377,623.789826967284
0.3775,625.67116546986
0.378,627.557856505802
0.3785,629.450946231359
0.379,631.351538660877
0.3795,633.260787370993
0.38,635.179885067484
0.3805,637.110051134097
0.381,639.052517407291
0.3815,641.008512543862
0.382,642.979245459215
0.3825,644.96588840245
0.383,646.969560292034
0.3835,648.991310957084
0.384,651.032106912213
0.3845,653.092819240087
0.385,655.174214070262
0.3855,657.276946032587
0.386,659.401554937028
0.3865,661.548465797664
0.387,663.717992184681
0.3875,665.910342760773
0.388,668.125630742285
0.3885,670.363885923909
0.389,672.625068820759
0.3895,674.909086414512
0.39,677.215808941819
0.3905,679.545087134422
0.391,681.89676931237
0.3915,684.270717745489
0.392,686.666823734578
0.3925,689.08502092235
0.393,691.525296423402
0.3935,693.987699458945
0.394,696.472347290666
0.3945,698.979428362214
0.395,701.50920266904
0.3955,704.061999480301
0.396,706.638212623867
0.3965,709.238293612421
0.397,711.862742932951
0.3975,714.512099843902
0.398,717.186931026678
0.3985,719.88781842604
0.399,722.615346593561
0.3995,725.370089826364
0.4,728.152599375817
0.4005,730.963390991826
0.401,733.802933069045
0.4015,736.671635669911
0.402,739.569840710844
0.4025,742.497813605302
0.403,745.455736652798
0.4035,748.443704439778
0.404,751.46172147207
0.4045,754.5097021885
0.405,757.587473413822
0.4055,760.694779201953
0.406,763.83128790528
0.4065,766.996601191143
0.407,770.190264621212
0.4075,773.411779321458
0.408,776.660614207146
0.4085,779.936218194858
0.409,783.238031836669
0.4095,786.565497852769
0.41,789.918070117603
0.4105,793.295220766922
0.411,796.696445231088
0.4115,800.121265151918
0.412,803.569229292506
0.4125,807.039912687116
0.413,810.532914388581
0.4135,814.047854243828
0.414,817.584369159578
0.4145,821.142109310352
0.415,824.720734695067
0.4155,828.319912375757
0.416,831.939314643277
0.4165,835.57861826138
0.417,839.2375048519
0.4175,842.9156624071
0.418,846.612787854476
0.4185,850.328590555245
0.419,854.062796588335
0.4195,857.815153653135
0.42,861.585436411622
0.4205,865.373452079449
0.421,869.179046063009
0.4215,873.002107424481
0.422,876.842573940895
0.4225,880.7004365099
0.423,884.575742649103
0.4235,888.468598842768
0.424,892.379171513492
0.4245,896.307686439628
0.425,900.25442650121
0.4255,904.219727714863
0.426,908.203973605891
0.4265,912.207588055949
0.427,916.231026849519
0.4275,920.274768214238
0.428,924.33930270376
0.4285,928.425122804223
0.429,932.532712656778
0.4295,936.662538281518
0.43,940.815038666538
0.4305,944.990618054012
0.431,949.189639715846
0.4315,953.412421465846
0.432,957.659233101984
0.4325,961.930295908693
0.433,966.225784272263
0.4335,970.545829370913
0.434,974.890524796482
0.4345,979.25993385203
0.435,983.654098157996
0.4355,988.073047100549
0.436,992.516807582385
0.4365,996.985413500137
0.437,1001.47891438232
0.4375,1005.99738268062
0.438,1010.54091931245
0.4385,1015.10965719448
0.439,1019.70376267086
0.4395,1024.32343490725
0.44,1028.96890347361
0.4405,1033.64042445759
0.441,1038.33827552306
0.4415,1043.06275034936
0.442,1047.81415285692
0.4425,1052.59279155249
0.443,1057.398974227
0.4435,1062.23300312739
0.444,1067.09517061924
0.4445,1071.98575527407
0.445,1076.90501826491
0.4455,1081.85319993992
0.446,1086.83051646596
0.4465,1091.83715648354
0.447,1096.87327778212
0.4475,1101.93900407549
0.448,1107.03442201968
0.4485,1112.15957865672
0.449,1117.31447947993
0.4495,1122.49908729384
0.45,1127.71332198592
0.4505,1132.95706124159
0.451,1138.23014212962
0.4515,1143.53236337375
0.452,1148.86348802506
0.4525,1154.22324617219
0.453,1159.61133728737
0.4535,1165.02743181175
0.454,1170.47117163782
0.4545,1175.94216924292
0.455,1181.44000535718
0.4555,1186.96422519445
0.456,1192.5143334199
0.4565,1198.08978815597
0.457,1203.68999442521
0.4575,1209.31429748591
0.458,1214.96197652956
0.4585,1220.6322391794
0.459,1226.3242171605
0.4595,1232.03696341231
0.46,1237.76945079263
0.4605,1243.52057238839
0.461,1249.28914331479
0.4615,1255.07390376058
0.462,1260.87352293546
0.4625,1266.68660350512
0.463,1272.51168606768
0.4635,1278.34725323706
0.464,1284.19173295392
0.4645,1290.04350073925
0.465,1295.90088073078
0.4655,1301.76214548694
0.466,1307.62551469275
0.4665,1313.48915304353
0.467,1319.35116770237
0.4675,1325.20960581665
0.468,1331.06245263018
0.4685,1336.90763073832
0.469,1342.74300100409
0.4695,1348.56636558678
0.47,1354.37547343639
0.4705,1360.16802848328
0.471,1365.94170061036
0.4715,1371.69413934229
0.472,1377.4229900312
0.4725,1383.12591216965
0.473,1388.80059932839
0.4735,1394.4448001068
0.474,1400.0563394063
0.4745,1405.6331392964
0.475,1411.17323874414
0.4755,1416.67481152064
0.476,1422.13618168146
0.4765,1427.55583613499
0.477,1432.93243395795
0.4775,1438.26481227754
0.478,1443.55198870605
0.4785,1448.79316047199
0.479,1453.98770053123
0.4795,1459.13515105217
0.48,1464.23521474319
0.4805,1469.28774452484
0.481,1474.2927320443
0.4815,1479.25029548826
0.482,1484.16066708117
0.4825,1489.02418056683
0.483,1493.84125887398
0.4835,1498.61240207036
0.484,1503.3381756237
0.4845,1508.01919891985
0.485,1512.65613394154
0.4855,1517.24967398948
0.486,1521.80053232934
0.4865,1526.30943067386
0.487,1530.77708745249
0.4875,1535.20420587958
0.488,1539.5914618972
0.4885,1543.939492136
0.489,1548.24888209916
0.4895,1552.52015482531
0.49,1556.75376032291
0.4905,1560.95006608741
0.491,1565.109349015
0.4915,1569.23178901302
0.492,1573.31746458
0.4925,1577.36635059118
0.493,1581.37831847889
0.4935,1585.3531389442
0.494,1589.29048727509
0.4945,1593.18995127725
0.495,1597.05104174521
0.4955,1600.87320531275
0.496,1604.65583942638
0.4965,1608.39830908541
0.497,1612.09996489584
0.4975,1615.7601618993
0.498,1619.37827857213
0.4985,1622.95373535122
0.499,1626.48601203852
0.4995,1629.97466346878
0.5,1633.41933289484
0.5005,1636.81976264914
0.501,1640.17580177268
0.5015,1643.48741045461
0.502,1646.75466128668
0.5025,1649.9777374947
0.503,1653.15692845151
0.5035,1656.29262289214
0.504,1659.38530033217
0.5045,1662.43552122922
0.505,1665.4439164251
0.5055,1668.41117636404
0.506,1671.3380405115
0.5065,1674.22528730633
0.507,1677.07372488154
0.5075,1679.88418269446
0.507999999999999,1682.65750412481
0.508499999999999,1685.39454003386
0.508999999999999,1688.09614322907
0.509499999999999,1690.76316374559
0.509999999999999,1693.396444835
0.510499999999999,1695.99681954063
0.510999999999999,1698.56510773587
0.511499999999999,1701.10211350791
0.511999999999999,1703.60862278469
0.512499999999999,1706.08540112878
0.512999999999999,1708.53319165674
0.513499999999999,1710.95271308359
0.513999999999999,1713.34465793359
0.514499999999999,1715.70969099339
0.514999999999999,1718.04844810449
0.515499999999999,1720.36153539384
0.515999999999999,1722.64952902102
0.516499999999999,1724.91297547957
0.516999999999998,1727.15239243301
0.517499999999998,1729.36827000182
0.517999999999998,1731.56107235414
0.518499999999998,1733.73123940049
0.518999999999998,1735.87918835811
0.519499999999998,1738.00531493891
0.519999999999998,1740.10999392687
0.520499999999998,1742.19357894474
0.520999999999998,1744.25640126141
0.521499999999998,1746.29876755272
0.521999999999998,1748.32095659415
0.522499999999998,1750.32321492531
0.522999999999998,1752.30575157927
0.523499999999998,1754.26873201071
0.523999999999998,1756.2122713857
0.524499999999998,1758.13642741415
0.524999999999998,1760.04119291834
0.525499999999998,1761.92648834162
0.525999999999997,1763.7921544154
0.526499999999997,1765.63794522198
0.526999999999997,1767.46352191623
0.527499999999997,1769.26844739667
0.527999999999997,1771.05218224088
0.528499999999997,1772.81408223352
0.528999999999997,1774.5533978092
0.529499999999997,1776.26927570056
0.529999999999997,1777.9607630196
0.530499999999997,1779.62681390833
0.530999999999997,1781.26629877531
0.531499999999997,1782.87801599938
0.531999999999997,1784.46070583864
0.532499999999997,1786.01306614871
0.532999999999997,1787.5337693995
0.533499999999997,1789.02148039685
0.533999999999997,1790.47487407138
0.534499999999997,1791.89265269357
0.534999999999996,1793.27356191192
0.535499999999996,1794.61640508274
0.535999999999996,1795.92005545966
0.536499999999996,1797.18346592792
0.536999999999996,1798.40567609448
0.537499999999996,1799.58581666996
0.537999999999996,1800.7231111954
0.538499999999996,1801.81687526882
0.538999999999996,1802.86651350858
0.539499999999996,1803.87151455091
0.539999999999996,1804.83144441636
0.540499999999996,1805.74593859642
0.540999999999996,1806.61469321144
0.541499999999996,1807.43745557793
0.541999999999996,1808.21401450384
0.542499999999996,1808.94419060749
0.542999999999996,1809.62782693421
0.543499999999996,1810.26478012514
0.543999999999995,1810.85491237587
0.544499999999995,1811.39808440781
0.544999999999995,1811.89414966102
0.545499999999995,1812.34294990103
0.545999999999995,1812.74431241261
0.546499999999995,1813.09804892763
0.546999999999995,1813.40395639985
0.547499999999995,1813.66181969473
0.547999999999995,1813.87141620612
0.548499999999995,1814.0325223429
0.548999999999995,1814.14492174947
0.549499999999995,1814.20841503627
0.549999999999995,1814.22283070626
0.550499999999995,1814.18803687638
0.550999999999995,1814.1039533174
0.551499999999995,1813.97056328082
0.551999999999995,1813.78792455428
0.552499999999995,1813.55617919538
0.552999999999995,1813.27556143992
0.553499999999994,1812.94640336515
0.553999999999994,1812.56913800467
0.554499999999994,1812.14429975077
0.554999999999994,1811.67252202765
0.555499999999994,1811.1545323617
0.555999999999994,1810.59114509781
0.556499999999994,1809.9832521035
0.556999999999994,1809.33181185884
0.557499999999994,1808.63783734929
0.557999999999994,1807.90238316464
0.558499999999994,1807.1265321695
0.558999999999994,1806.31138205988
0.559499999999994,1805.4580320672
0.559999999999994,1804.56757002522
0.560499999999994,1803.64105998193
0.560999999999994,1802.67953051929
0.561499999999994,1801.6839639365
0.561999999999994,1800.65528645239
0.562499999999993,1799.59435958333
0.562999999999993,1798.50197285072
0.563499999999993,1797.3788379619
0.563999999999993,1796.22558458996
0.564499999999993,1795.04275785235
0.564999999999993,1793.8308175556
0.565499999999993,1792.59013923761
0.565999999999993,1791.32101699892
0.566499999999993,1790.02366807044
0.566999999999993,1788.69823901675
0.567499999999993,1787.34481341845
0.567999999999993,1785.96342081557
0.568499999999993,1784.55404662731
0.568999999999993,1783.11664269768
0.569499999999993,1781.65113805874
0.569999999999993,1780.15744946377
0.570499999999993,1778.63549123181
0.570999999999993,1777.08518397036
0.571499999999992,1775.50646180876
0.571999999999992,1773.89927787931
0.572499999999992,1772.26360791821
0.572999999999992,1770.5994520118
0.573499999999992,1768.90683466822
0.573999999999992,1767.18580353486
0.574499999999992,1765.43642719093
0.574999999999992,1763.6587925131
0.575499999999992,1761.85300213251
0.575999999999992,1760.01917247498
0.576499999999992,1758.15743280713
0.576999999999992,1756.26792560845
0.577499999999992,1754.35080846546
0.577999999999992,1752.4062575506
0.578499999999992,1750.43447261833
0.578999999999992,1748.4356833339
0.579499999999992,1746.41015665398
0.579999999999992,1744.35820490713
0.580499999999991,1742.28019417722
0.580999999999991,1740.17655257174
0.581499999999991,1738.04777795695
0.581999999999991,1735.89444475764
0.582499999999991,1733.71720944843
0.582999999999991,1731.51681440335
0.583499999999991,1729.29408982205
0.583999999999991,1727.04995351512
0.584499999999991,1724.78540841139
0.584999999999991,1722.50153774545
0.585499999999991,1720.19949799488
0.585999999999991,1717.88050975688
0.586499999999991,1715.54584687622
0.586999999999991,1713.19682424915
0.587499999999991,1710.83478482081
0.587999999999991,1708.46108635541
0.588499999999991,1706.07708858238
0.588999999999991,1703.68414130362
0.58949999999999,1701.28357398752
0.58999999999999,1698.87668727953
0.59049999999999,1696.46474673488
0.59099999999999,1694.04897893719
0.59149999999999,1691.63057001972
0.59199999999999,1689.21066646457
0.59249999999999,1686.79037793191
0.59299999999999,1684.37078177237
0.59349999999999,1681.952928808
0.59399999999999,1679.53784993137
0.59449999999999,1677.12656306777
0.59499999999999,1674.7200800673
0.59549999999999,1672.31941313749
0.59599999999999,1669.92558048597
0.59649999999999,1667.53961091094
0.59699999999999,1665.16254714981
0.59749999999999,1662.79544786785
0.59799999999999,1660.43938823578
0.598499999999989,1658.09545910372
0.598999999999989,1655.76476482595
0.599499999999989,1653.44841982462
0.599999999999989,1651.14754400014
0.600499999999989,1648.8632571024
0.600999999999989,1646.59667217421
0.601499999999989,1644.3488881698
0.601999999999989,1642.12098184403
0.602499999999989,1639.91399900604
0.602999999999989,1637.72894523974
0.603499999999989,1635.56677621348
0.603999999999989,1633.42838773246
0.604499999999989,1631.31460572532
0.604999999999989,1629.22617639575
0.605499999999989,1627.16375680371
0.605999999999989,1625.12790616283
0.606499999999989,1623.11907814637
0.606999999999989,1621.13761448147
0.607499999999988,1619.18374008188
0.607999999999988,1617.25755992442
0.608499999999988,1615.35905781983
0.608999999999988,1613.48809716668
0.609499999999988,1611.64442371175
0.609999999999988,1609.82767027318
0.610499999999988,1608.03736331563
0.610999999999988,1606.27293120015
0.611499999999988,1604.5337138691
0.611999999999988,1602.81897367113
0.612499999999988,1601.12790698829
0.612999999999988,1599.45965630183
0.613499999999988,1597.81332232995
0.613999999999988,1596.18797589071
0.614499999999988,1594.58266918613
0.614999999999988,1592.99644626416
0.615499999999988,1591.42835248684
0.615999999999988,1589.87744290584
0.616499999999988,1588.34278951358
0.616999999999987,1586.82348739103
0.617499999999987,1585.31865980927
0.617999999999987,1583.82746236033
0.618499999999987,1582.34908619719
0.618999999999987,1580.88276045846
0.619499999999987,1579.4277539474
0.619999999999987,1577.98337613296
0.620499999999987,1576.54897754735
0.620999999999987,1575.1239496709
0.621499999999987,1573.70772441847
0.621999999999987,1572.29977336834
0.622499999999987,1570.89960689666
0.622999999999987,1569.50677339165
0.623499999999987,1568.12085871621
0.623999999999987,1566.74148606117
0.624499999999987,1565.36831628446
0.624999999999987,1564.00104876702
0.625499999999987,1562.63942274082
0.625999999999986,1561.28321896594
0.626499999999986,1559.93226156243
0.626999999999986,1558.58641974732
0.627499999999986,1557.24560919483
0.627999999999986,1555.90979273371
0.628499999999986,1554.57898012062
0.628999999999986,1553.25322668063
0.629499999999986,1551.93263068017
0.629999999999986,1550.61732938728
0.630499999999986,1549.30749386906
0.630999999999986,1548.00332267019
0.631499999999986,1546.70503459934
0.631999999999986,1545.41286091778
0.632499999999986,1544.1270372705
0.632999999999986,1542.84779572377
0.633499999999986,1541.57535727142
0.633999999999986,1540.30992514799
0.634499999999986,1539.05167923983
0.634999999999985,1537.8007718185
0.635499999999985,1536.557324737
0.635999999999985,1535.32142813277
0.636499999999985,1534.09314057681
0.636999999999985,1532.87249050358
0.637499999999985,1531.65947865969
0.637999999999985,1530.45408123149
0.638499999999985,1529.2562532616
0.638999999999985,1528.06593195186
0.639499999999985,1526.88303947945
0.639999999999985,1525.70748502534
0.640499999999985,1524.53916582449
0.640999999999985,1523.37796718496
0.641499999999985,1522.22376157343
0.641999999999985,1521.07640700943
0.642499999999985,1519.93574513159
0.642999999999985,1518.80159938004
0.643499999999985,1517.67377376707
0.643999999999984,1516.55205267731
0.644499999999984,1515.43620204964
0.644999999999984,1514.32597215397
0.645499999999984,1513.22110200227
0.645999999999984,1512.12132524463
0.646499999999984,1511.02637722076
0.646999999999984,1509.93600268794
0.647499999999984,1508.84996364635
0.647999999999984,1507.76804664599
0.648499999999984,1506.69006899004
0.648999999999984,1505.61588334362
0.649499999999984,1504.54538040372
0.649999999999984,1503.47848946504
0.650499999999984,1502.41517690753
0.650999999999984,1501.3554428092
0.651499999999984,1500.29931603306
0.651999999999984,1499.24684823209
0.652499999999984,1498.19810725347
0.652999999999983,1497.15317039958
0.653499999999983,1496.11211792634
0.653999999999983,1495.07502704164
0.654499999999983,1494.04196652515
0.654999999999983,1493.01299194626
0.655499999999983,1491.98814132727
0.655999999999983,1490.96743100099
0.656499999999983,1489.95085135542
0.656999999999983,1488.93836214771
0.657499999999983,1487.92988710368
0.657999999999983,1486.92530758953
0.658499999999983,1485.9244552393
0.658999999999983,1484.92710353156
0.659499999999983,1483.93295842043
0.659999999999983,1482.94164822761
0.660499999999983,1481.95271308698
0.660999999999983,1480.96559429482
0.661499999999983,1479.97962395431
0.661999999999982,1478.99401531162
0.662499999999982,1478.00785416233
0.662999999999982,1477.02009166324
0.663499999999982,1476.02953881905
0.663999999999982,1475.03486283141
0.664499999999982,1474.03458540586
0.664999999999982,1473.02708301984
0.665499999999982,1472.01058907
0.665999999999982,1470.98319774877
0.666499999999982,1469.94286945353
0.666999999999982,1468.88743751036
0.667499999999982,1467.81461599663
0.667999999999982,1466.72200846829
0.668499999999982,1465.6071174311
0.668999999999982,1464.46735443203
0.669499999999982,1463.3000506779
0.669999999999982,1462.10246810776
0.670499999999982,1460.87181084782
0.670999999999982,1459.6052369635
0.671499999999981,1458.29987039491
0.671999999999981,1456.95281292539
0.672499999999981,1455.56115599538
0.672999999999981,1454.12199214438
0.673499999999981,1452.63242584826
0.673999999999981,1451.08958352444
0.674499999999981,1449.49062250491
0.674999999999981,1447.83273882551
0.675499999999981,1446.11317374563
0.675999999999981,1444.32921898674
0.676499999999981,1442.47822075234
0.676999999999981,1440.55758265565
0.677499999999981,1438.56476772635
0.677999999999981,1436.49729968896
0.678499999999981,1434.3527637006
0.678999999999981,1432.12880670896
0.679499999999981,1429.82313754738
0.679999999999981,1427.4335268322
0.68049999999998,1424.95780667687
0.68099999999998,1422.39387019502
0.68149999999998,1419.73967073804
0.68199999999998,1416.99322080365
0.68249999999998,1414.15259056145
0.68299999999998,1411.21590596862
0.68349999999998,1408.1813464879
0.68399999999998,1405.04714246775
0.68449999999998,1401.81157229204
0.68499999999998,1398.47295944945
0.68549999999998,1395.02966970217
0.68599999999998,1391.48010854601
0.68649999999998,1387.82271914511
0.68699999999998,1384.05598089513
0.68749999999998,1380.17840872
0.68799999999998,1376.18855314636
0.68849999999998,1372.08500113167
0.68899999999998,1367.86637755613
0.689499999999979,1363.53134723081
0.689999999999979,1359.07861722982
0.690499999999979,1354.50693932537
0.690999999999979,1349.8151122898
0.691499999999979,1345.00198382549
0.691999999999979,1340.06645188801
0.692499999999979,1335.00746517544
0.692999999999979,1329.8240225669
0.693499999999979,1324.51517130424
0.693999999999979,1319.08000372734
0.694499999999979,1313.51765239906
0.694999999999979,1307.82728349608
0.695499999999979,1302.00808840218
0.695999999999979,1296.05927352223
0.696499999999979,1289.98004843905
0.696999999999979,1283.76961265547
0.697499999999979,1277.42714129333
0.697999999999979,1270.95177024808
0.698499999999978,1264.34258141043
0.698999999999978,1257.59858865123
0.699499999999978,1250.7187253147
0.699999999999978,1243.70183396896
0.700499999999978,1236.54665912142
0.700999999999978,1229.25184352235
0.701499999999978,1221.81592855925
0.701999999999978,1214.23735909824
0.702499999999978,1206.51449296624
0.702999999999978,1198.64561509941
0.703499999999978,1190.62895621439
0.703999999999978,1182.46271569493
0.704499999999978,1174.14508822636
0.704999999999978,1165.674293555
0.705499999999978,1157.04860859938
0.705999999999978,1148.26640099738
0.706499999999978,1139.32616304568
0.706999999999978,1130.22654488366
0.707499999999977,1120.96638570645
0.707999999999977,1111.5447417716
0.708499999999977,1101.96091000106
0.708999999999977,1092.21444607927
0.709499999999977,1082.30517610877
0.709999999999977,1072.23320110134
0.710499999999977,1061.99889384453
0.710999999999977,1051.60288797724
0.711499999999977,1041.04605941862
0.711999999999977,1030.32950060656
0.712499999999977,1019.4544883011
0.712999999999977,1008.42244598137
0.713499999999977,997.234902101611
0.713999999999977,985.893445665683
0.714499999999977,974.399680723939
0.714999999999977,962.755181490483
0.715499999999977,950.961449820635
0.715999999999977,939.01987677883
0.716499999999976,926.931709965232
0.716999999999976,914.698028153851
0.717499999999976,902.319724623233
0.717999999999976,889.79750032999
0.718499999999976,877.13186778449
0.718999999999976,864.323166139788
0.719499999999976,851.371587608993
0.719999999999976,838.277214900146
0.720499999999976,825.040068926868
0.720999999999976,811.660165648855
0.721499999999976,798.13758055188
0.721999999999976,784.472519022768
0.722499999999976,770.665390732716
0.722999999999976,756.716886122688
0.723499999999976,742.628053183302
0.723999999999976,728.400372921491
0.724499999999976,714.035832179295
0.724999999999976,699.536992782333
0.725499999999976,684.907056311809
0.725999999999975,670.149924082785
0.726499999999975,655.270252148222
0.726999999999975,640.273501316957
0.727499999999975,625.165982266488
0.727999999999975,609.954895847606
0.728499999999975,594.648368621663
0.728999999999975,579.255483550132
0.729499999999975,563.786305579131
0.729999999999975,548.251901639863
0.730499999999975,532.664354332698
0.730999999999975,517.03676829484
0.731499999999975,501.383267990879
0.731999999999975,485.718985438409
0.732499999999975,470.060036217619
0.732999999999975,454.423482045839
0.733499999999975,438.827278254378
0.733999999999975,423.290204707698
0.734499999999975,407.831779065276
0.734999999999974,392.472151801108
0.735499999999974,377.231983046124
0.735999999999974,362.13230207051
0.736499999999974,347.194351028883
0.736999999999974,332.439415395489
0.737499999999974,317.888644259553
0.737999999999974,303.562864275896
0.738499999999974,289.482391524929
0.738999999999974,275.666845795075
0.739499999999974,262.134971842452
0.739999999999974,248.904472008635
0.740499999999974,235.991854205367
0.740999999999974,223.412298736173
0.741499999999974,211.179546757873
0.741999999999974,199.305812431225
0.742499999999974,187.801720008374
0.742999999999974,176.676266289183
0.743499999999974,165.936808076362
0.743999999999973,155.589073492837
0.744499999999973,145.637195313422
0.744999999999973,136.083763825717
0.745499999999973,126.929896193014
0.745999999999973,118.17531886783
0.746499999999973,109.818459322335
0.746999999999973,101.8565432435
0.747499999999973,94.2856934027723
0.747999999999973,87.1010266600652
0.748499999999973,80.2967459953541
0.748999999999973,73.8662250603025
0.749499999999973,67.8020834756692
0.749999999999973,62.0962519244912
0.750499999999973,56.7400269536978
0.750999999999973,51.7241162400644
0.751499999999973,47.0386758413306
0.751999999999973,42.6733415845667
0.752499999999973,38.6172571942907
0.752999999999972,34.8591019976081
0.753499999999972,31.3871210438225
0.753999999999972,28.1891602407811
0.754499999999972,25.2527086580185
0.754999999999972,22.5649495141412
0.755499999999972,20.1128206050458
0.755999999999972,17.8830841038592
0.756499999999972,15.8624048416542
0.756999999999972,14.0374354275373
0.757499999999972,12.3949059473571
0.757999999999972,10.9217155383351
0.758499999999972,9.60502290124588
0.758999999999972,8.43233279184592
0.759499999999972,7.39157571941053
0.759999999999972,6.47117844587456
0.760499999999972,5.66012338433737
0.760999999999972,4.94799559224592
0.761499999999972,4.32501669072906
0.761999999999971,3.7820656673473
0.762499999999971,3.31068709108117
0.762999999999971,2.90308775130799
